basic_incident_number_fd1,basic_incident_date_original_fd1_3,basic_incident_latitude_fd1_69,basic_incident_longitude_fd1_69,basic_incident_type_fd1_21,basic_incident_type_code_and_description_fd1_21,basic_incident_type_subcategory_fd1_21,basic_incident_type_category_fd1_21,apparatus_resource_dispatch_date_time_fd18_3,basic_incident_psap_to_alarm_in_minutes,apparatus_resource_dispatch_to_en_route_in_minutes,apparatus_resource_en_route_to_arrived_in_minutes,apparatus_resource_vehicle_call_sign_list,apparatus_resource_arrival_date_time_fd18_4
2016-00006495,2016-12-20,38.042275,-78.500969,"Special outside fire, other","160 - Special outside fire, other",16 - Special outside fire,1 - Fire,2016-12-20T08:43:00Z,2.5,NA,NA,",,,,,",NA
2016-00006520,2016-12-20,38.009043,-78.50633,Brush or brush-and-grass mixture fire,142 - Brush or brush-and-grass mixture fire,14 - Natural vegetation fire,1 - Fire,2016-12-20T23:08:00Z,2.62,NA,NA,NA,2016-12-20T23:13:00Z
2016-00006545,2016-12-21,38.02089,-78.486643,Brush or brush-and-grass mixture fire,142 - Brush or brush-and-grass mixture fire,14 - Natural vegetation fire,1 - Fire,2016-12-21T21:25:00Z,1.03,0.05,2.55,",",2016-12-21T21:28:00Z
2016-00006672,2016-12-26,38.023539,-78.487011999999993,Building fire,111 - Building fire,11 - Structure Fire,1 - Fire,2016-12-26T05:06:00Z,0.5,NA,NA,",,,,,,,,,,,,",NA
2017-00000106,2017-01-04,38.03955,-78.470475,Building fire,111 - Building fire,11 - Structure Fire,1 - Fire,2017-01-05T04:10:00Z,1.08,0.58,NA,",,FM3,,,,,,,,,,,,FM4,",NA
2017-00000189,2017-01-07,38.043244,-78.517575,"Cooking fire, confined to container","113 - Cooking fire, confined to container",11 - Structure Fire,1 - Fire,2017-01-07T20:06:00Z,0.73,0.03,NA,",",NA
2017-00000245,2017-01-09,38.061426,-78.485375,"Cooking fire, confined to container","113 - Cooking fire, confined to container",11 - Structure Fire,1 - Fire,2017-01-09T08:38:00Z,1.5,1.83,4.87,",,,",2017-01-09T08:45:00Z
2017-00000367,2017-01-13,38.030561,-78.485999,Building fire,111 - Building fire,11 - Structure Fire,1 - Fire,2017-01-13T15:19:00Z,3.22,0.52,1.18,",FM2,FM4,,,",2017-01-13T15:21:00Z
2017-00000459,2017-01-15,38.026901,-78.462024,"Outside rubbish, trash or waste fire","151 - Outside rubbish, trash or waste fire",15 - Outside rubbish fire,1 - Fire,2017-01-16T00:14:00Z,1.2,1.53,NA,",,,,,,,,",NA
2017-00000460,2017-01-15,38.02626,-78.522415,"Cooking fire, confined to container","113 - Cooking fire, confined to container",11 - Structure Fire,1 - Fire,2017-01-16T00:27:00Z,1.57,0.9,NA,",,,",NA
2017-00000478,2017-01-16,38.032335,-78.493996,"Mobile property (vehicle) fire, other","130 - Mobile property (vehicle) fire, other",13 - Mobile property (vehicle) fire,1 - Fire,2017-01-16T14:19:00Z,0.67,1.8,1.98,NA,2017-01-16T14:23:00Z
2017-00000492,2017-01-16,38.042526,-78.503318,"Outside rubbish fire, other","150 - Outside rubbish fire, other",15 - Outside rubbish fire,1 - Fire,2017-01-16T21:02:00Z,0.85,0.87,4.93,NA,2017-01-16T21:08:00Z
2017-00000539,2017-01-17,38.04038,-78.499922,"Natural vegetation fire, other","140 - Natural vegetation fire, other",14 - Natural vegetation fire,1 - Fire,2017-01-18T00:13:00Z,2.03,1,4.28,",",2017-01-18T00:19:00Z
2017-00000545,2017-01-17,38.0298,-78.504524,"Cooking fire, confined to container","113 - Cooking fire, confined to container",11 - Structure Fire,1 - Fire,2017-01-18T01:43:00Z,0.65,0.82,4.53,",",2017-01-18T01:48:00Z
2017-00000613,2017-01-19,38.042609,-78.504558,"Cooking fire, confined to container","113 - Cooking fire, confined to container",11 - Structure Fire,1 - Fire,2017-01-19T22:47:00Z,0.43,1.87,5.58,",",2017-01-19T22:54:00Z
2017-00000647,2017-01-20,38.022427,-78.520697,"Fire, other","100 - Fire, other","10 - Fire, other",1 - Fire,2017-01-20T22:13:00Z,1.43,1.68,NA,",,,",NA
2017-00000696,2017-01-21,38.029724,-78.482958,Building fire,111 - Building fire,11 - Structure Fire,1 - Fire,2017-01-22T03:48:00Z,1.5,1.68,NA,",,,",NA
2017-00000756,2017-01-23,38.029398,-78.482465,Building fire,111 - Building fire,11 - Structure Fire,1 - Fire,2017-01-23T18:02:00Z,3.22,1.83,1.72,",,,,,,,FM4,",2017-01-23T18:06:00Z
2017-00000773,2017-01-24,38.02201,-78.55901,Road freight or transport vehicle fire,132 - Road freight or transport vehicle fire,13 - Mobile property (vehicle) fire,1 - Fire,2017-01-24T05:35:00Z,2.33,2.1,4.53,NA,2017-01-24T05:42:00Z
2017-00000896,2017-01-27,38.039159,-78.467042,"Chimney or flue fire, confined to chimney or flue","114 - Chimney or flue fire, confined to chimney or flue",11 - Structure Fire,1 - Fire,2017-01-28T01:31:00Z,0.43,0.98,5.83,",,,",2017-01-28T01:38:00Z
2017-00000921,2017-01-28,38.047153,-78.515975,"Cooking fire, confined to container","113 - Cooking fire, confined to container",11 - Structure Fire,1 - Fire,2017-01-28T16:43:00Z,0.8,1.5,5.52,NA,2017-01-28T16:50:00Z
2017-00000984,2017-01-30,38.08114,-78.4752,"Cooking fire, confined to container","113 - Cooking fire, confined to container",11 - Structure Fire,1 - Fire,NA,2.8,NA,NA,E2,NA
2017-00001006,2017-01-30,38.022615,-78.485878,"Special outside fire, other","160 - Special outside fire, other",16 - Special outside fire,1 - Fire,2017-01-31T04:50:00Z,1.98,2.23,2.18,NA,2017-01-31T04:54:00Z
2017-00001140,2017-02-04,38.022727,-78.577035,Road freight or transport vehicle fire,132 - Road freight or transport vehicle fire,13 - Mobile property (vehicle) fire,1 - Fire,2017-02-04T05:57:00Z,1.55,1.63,5.43,NA,2017-02-04T06:04:00Z
2017-00001336,2017-02-09,38.036445,-78.488536,Brush or brush-and-grass mixture fire,142 - Brush or brush-and-grass mixture fire,14 - Natural vegetation fire,1 - Fire,2017-02-09T20:15:00Z,1.22,1.05,3.37,NA,2017-02-09T20:19:00Z
2017-00001409,2017-02-11,38.022747,-78.516936,Building fire,111 - Building fire,11 - Structure Fire,1 - Fire,2017-02-11T21:13:00Z,1.3,1.48,NA,",,,,,,,,,",NA
2017-00001415,2017-02-11,38.034956,-78.4373,Building fire,111 - Building fire,11 - Structure Fire,1 - Fire,2017-02-11T23:35:00Z,0.78,1.17,5.65,",,,,",2017-02-11T23:42:00Z
2017-00001470,2017-02-12,38.023917,-78.494672,"Natural vegetation fire, other","140 - Natural vegetation fire, other",14 - Natural vegetation fire,1 - Fire,2017-02-13T00:43:00Z,0.87,0.85,3.35,",,,",2017-02-13T00:48:00Z
2017-00001484,2017-02-13,38.028093,-78.486321,Passenger vehicle fire,131 - Passenger vehicle fire,13 - Mobile property (vehicle) fire,1 - Fire,NA,NA,NA,NA,",,,,,,",2017-02-13T16:41:00Z
2017-00001485,2017-02-13,38.059858,-78.489975,"Trash or rubbish fire, contained","118 - Trash or rubbish fire, contained",11 - Structure Fire,1 - Fire,2017-02-13T18:36:00Z,1.77,0.75,NA,",,,,",NA
2017-00001494,2017-02-13,38.029649,-78.519891,Building fire,111 - Building fire,11 - Structure Fire,1 - Fire,2017-02-13T21:38:00Z,2.67,0.35,12.82,",",2017-02-13T21:51:00Z
2017-00001586,2017-02-16,38.03516,-78.506336,Dumpster or other outside trash receptacle fire,154 - Dumpster or other outside trash receptacle fire,15 - Outside rubbish fire,1 - Fire,2017-02-17T01:45:00Z,4.1,1.65,3.88,E10,2017-02-17T01:50:00Z
2017-00001603,2017-02-17,38.029216,-78.482036,"Outside rubbish, trash or waste fire","151 - Outside rubbish, trash or waste fire",15 - Outside rubbish fire,1 - Fire,2017-02-17T10:20:00Z,2.5,NA,NA,"FM1,E7",NA
2017-00001651,2017-02-18,38.028129,-78.501796,"Outside rubbish fire, other","150 - Outside rubbish fire, other",15 - Outside rubbish fire,1 - Fire,2017-02-18T21:09:00Z,0.85,1.18,3.33,E5,2017-02-18T21:14:00Z
2017-00001672,2017-02-19,38.04267,-78.50002,"Natural vegetation fire, other","140 - Natural vegetation fire, other",14 - Natural vegetation fire,1 - Fire,2017-02-19T16:30:00Z,1.12,0.92,4.65,"E5,BC2,E7,TRK8",2017-02-19T16:36:00Z
2017-00001688,2017-02-19,38.0332,-78.491138,"Trash or rubbish fire, contained","118 - Trash or rubbish fire, contained",11 - Structure Fire,1 - Fire,2017-02-20T00:55:00Z,0.67,0.8,3.43,E7,2017-02-20T00:59:00Z
2017-00001709,2017-02-20,38.059208,-78.494396,Brush or brush-and-grass mixture fire,142 - Brush or brush-and-grass mixture fire,14 - Natural vegetation fire,1 - Fire,2017-02-20T18:18:00Z,0.8,0.83,2.63,E1,2017-02-20T18:21:00Z
2017-00001764,2017-02-22,38.033147,-78.48591,Outside equipment fire,162 - Outside equipment fire,16 - Special outside fire,1 - Fire,2017-02-22T16:23:00Z,1.45,0.65,2.25,E7,2017-02-22T16:26:00Z
2017-00001802,2017-02-23,38.042514,-78.511561,Road freight or transport vehicle fire,132 - Road freight or transport vehicle fire,13 - Mobile property (vehicle) fire,1 - Fire,2017-02-23T18:23:00Z,1.45,1.68,5.55,TO10,2017-02-23T18:30:00Z
2017-00001826,2017-02-24,38.019271,-78.465707,Building fire,111 - Building fire,11 - Structure Fire,1 - Fire,2017-02-24T08:37:00Z,1.77,1.9,5.77,"E7,BC1,E5,TRK8,RS142,E1,E10,TO10,FM3",2017-02-24T08:45:00Z
2017-00001827,2017-02-24,38.082,-78.483725,Building fire,111 - Building fire,11 - Structure Fire,1 - Fire,2017-02-24T09:53:00Z,0.9,1.5,6.65,E1,2017-02-24T10:02:00Z
2017-00001833,2017-02-24,38.017078,-78.481587,"Outside rubbish fire, other","150 - Outside rubbish fire, other",15 - Outside rubbish fire,1 - Fire,2017-02-24T20:32:00Z,0.4,0.57,3.93,E5,2017-02-24T20:37:00Z
2017-00001917,2017-02-26,38.021787,-78.540667,"Mobile property (vehicle) fire, other","130 - Mobile property (vehicle) fire, other",13 - Mobile property (vehicle) fire,1 - Fire,2017-02-26T16:22:00Z,2.1,0.73,5.52,E10,2017-02-26T16:28:00Z
2017-00001953,2017-02-27,38.029744,-78.491171,Dumpster or other outside trash receptacle fire,154 - Dumpster or other outside trash receptacle fire,15 - Outside rubbish fire,1 - Fire,2017-02-27T13:29:00Z,1.38,0.03,3.02,E5,2017-02-27T13:32:00Z
2017-00001974,2017-02-27,38.014004,-78.533904,"Cooking fire, confined to container","113 - Cooking fire, confined to container",11 - Structure Fire,1 - Fire,2017-02-27T23:23:00Z,0.82,0.03,9.43,E4,2017-02-27T23:33:00Z
2017-00001982,2017-02-27,38.025933,-78.455695,"Special outside fire, other","160 - Special outside fire, other",16 - Special outside fire,1 - Fire,2017-02-28T01:38:00Z,3.02,1.82,6.55,E5,2017-02-28T01:47:00Z
2017-00001983,2017-02-27,38.048676,-78.486379,"Chimney or flue fire, confined to chimney or flue","114 - Chimney or flue fire, confined to chimney or flue",11 - Structure Fire,1 - Fire,2017-02-28T01:50:00Z,1.5,1.87,3.42,"E1,E7,BC1,E10,TRK8",2017-02-28T01:55:00Z
2017-00002092,2017-03-03,38.030505,-78.487259,Dumpster or other outside trash receptacle fire,154 - Dumpster or other outside trash receptacle fire,15 - Outside rubbish fire,1 - Fire,2017-03-03T18:18:00Z,1.02,0.83,1.68,E7,2017-03-03T18:21:00Z
2017-00002098,2017-03-03,38.018827,-78.486264,"Outside rubbish, trash or waste fire","151 - Outside rubbish, trash or waste fire",15 - Outside rubbish fire,1 - Fire,2017-03-03T22:25:00Z,1.3,1.43,3.27,E5,2017-03-03T22:30:00Z
2017-00002193,2017-03-06,38.031454,-78.486223,"Mobile property (vehicle) fire, other","130 - Mobile property (vehicle) fire, other",13 - Mobile property (vehicle) fire,1 - Fire,2017-03-06T15:31:00Z,0.62,NA,NA,"FM4,E7",2017-03-06T15:31:00Z
2017-00002197,2017-03-06,38.080806,-78.46794,Building fire,111 - Building fire,11 - Structure Fire,1 - Fire,2017-03-06T19:08:00Z,1.47,0.97,7.08,E1,2017-03-06T19:16:00Z
2017-00002249,2017-03-08,38.023156,-78.494193,Passenger vehicle fire,131 - Passenger vehicle fire,13 - Mobile property (vehicle) fire,1 - Fire,2017-03-08T05:41:00Z,0.98,1.2,3.98,E5,2017-03-08T05:46:00Z
2017-00002343,2017-03-10,38.057879,-78.486887,Building fire,111 - Building fire,11 - Structure Fire,1 - Fire,2017-03-11T03:36:00Z,1.47,2.05,2.95,"E1,E5,E7,BC6,TRK8,E4,RS145",2017-03-11T03:41:00Z
2017-00002358,2017-03-11,38.053874,-78.504789,Outside equipment fire,162 - Outside equipment fire,16 - Special outside fire,1 - Fire,2017-03-11T16:40:00Z,3.07,1.72,5.68,E1,2017-03-11T16:47:00Z
2017-00002380,2017-03-11,38.013164,-78.50256,"Natural vegetation fire, other","140 - Natural vegetation fire, other",14 - Natural vegetation fire,1 - Fire,2017-03-12T01:41:00Z,2.85,0.15,0.93,E7,2017-03-12T01:42:00Z
2017-00002505,2017-03-15,38.030661,-78.491003,Building fire,111 - Building fire,11 - Structure Fire,1 - Fire,2017-03-15T04:34:00Z,1.02,1.73,3.55,"E5,E7,TRK8,DUTY1,E10,BC6,E1,E4,RS140,FM3",2017-03-15T04:39:00Z
2017-00002514,2017-03-15,38.032866,-78.515544,"Cooking fire, confined to container","113 - Cooking fire, confined to container",11 - Structure Fire,1 - Fire,2017-03-15T14:29:00Z,1.18,NA,NA,"UVA2,E4,TRK8",NA
2017-00002524,2017-03-15,38.023388,-78.474417,"Cooking fire, confined to container","113 - Cooking fire, confined to container",11 - Structure Fire,1 - Fire,2017-03-15T22:50:00Z,1.08,1.62,2.87,"E5,TRK8,E7,BC1",2017-03-15T22:55:00Z
2017-00002592,2017-03-17,37.994917,-78.487954,"Cooking fire, confined to container","113 - Cooking fire, confined to container",11 - Structure Fire,1 - Fire,2017-03-17T22:21:00Z,1.7,1.28,5.73,E5,2017-03-17T22:28:00Z
2017-00002597,2017-03-17,38.016782,-78.486824,"Trash or rubbish fire, contained","118 - Trash or rubbish fire, contained",11 - Structure Fire,1 - Fire,2017-03-17T23:57:00Z,2.03,1.28,3.32,E5,2017-03-18T00:02:00Z
2017-00002707,2017-03-20,38.075149,-78.472169,"Cooking fire, confined to container","113 - Cooking fire, confined to container",11 - Structure Fire,1 - Fire,2017-03-21T01:17:00Z,2.12,1.47,5.25,E1,2017-03-21T01:24:00Z
2017-00002754,2017-03-22,38.063186,-78.513289,"Special outside fire, other","160 - Special outside fire, other",16 - Special outside fire,1 - Fire,2017-03-22T18:12:00Z,1.72,1.47,5.58,E10,2017-03-22T18:19:00Z
2017-00002770,2017-03-22,38.02201,-78.55901,Passenger vehicle fire,131 - Passenger vehicle fire,13 - Mobile property (vehicle) fire,1 - Fire,2017-03-23T01:11:00Z,0.65,5.17,0.03,E4,2017-03-23T01:16:00Z
2017-00002785,2017-03-23,38.068387,-78.499923,"Cooking fire, confined to container","113 - Cooking fire, confined to container",11 - Structure Fire,1 - Fire,2017-03-23T23:07:00Z,2.52,0.73,4.73,E1,2017-03-23T23:13:00Z
2017-00002816,2017-03-24,38.021179,-78.484471,"Outside rubbish fire, other","150 - Outside rubbish fire, other",15 - Outside rubbish fire,1 - Fire,2017-03-24T22:11:00Z,0.75,1.42,3.48,E5,2017-03-24T22:16:00Z
2017-00002818,2017-03-24,38.027446,-78.448485,Fires in structure other than in a building,112 - Fires in structure other than in a building,11 - Structure Fire,1 - Fire,2017-03-24T22:43:00Z,1.57,0.03,6.42,"RS141,E5",2017-03-24T22:49:00Z
2017-00002894,2017-03-26,38.058751,-78.488837,Passenger vehicle fire,131 - Passenger vehicle fire,13 - Mobile property (vehicle) fire,1 - Fire,2017-03-26T12:43:00Z,0.77,1.45,2.43,E1,2017-03-26T12:47:00Z
2017-00002988,2017-03-29,38.060053,-78.487208,Grass fire,143 - Grass fire,14 - Natural vegetation fire,1 - Fire,2017-03-29T19:18:00Z,2.65,0.4,4.55,E1,2017-03-29T19:22:00Z
2017-00003016,2017-03-30,38.022546,-78.47604,Building fire,111 - Building fire,11 - Structure Fire,1 - Fire,2017-03-30T18:21:00Z,2.5,0.03,NA,"E4,E5,TRK8,BC6,E7,E1,RS142,FM2,FM3",NA
2017-00003171,2017-04-03,38.049929,-78.495278,"Natural vegetation fire, other","140 - Natural vegetation fire, other",14 - Natural vegetation fire,1 - Fire,2017-04-03T21:40:00Z,1.22,0.97,5.78,E1,2017-04-03T21:47:00Z
2017-00003254,2017-04-05,38.027076,-78.465398,"Cooking fire, confined to container","113 - Cooking fire, confined to container",11 - Structure Fire,1 - Fire,2017-04-05T22:32:00Z,1.52,1.95,3.5,E5,2017-04-05T22:37:00Z
2017-00003339,2017-04-08,38.040949,-78.501166,Building fire,111 - Building fire,11 - Structure Fire,1 - Fire,2017-04-08T10:13:00Z,0.95,2.35,3.58,"E7,E5,E1,TRK8,BC2,E4,TO10,RS144,FM3,FM4",2017-04-08T10:19:00Z
2017-00003411,2017-04-09,38.026877,-78.487724,"Cooking fire, confined to container","113 - Cooking fire, confined to container",11 - Structure Fire,1 - Fire,2017-04-10T02:34:00Z,2.3,1.55,NA,"BC6,TRK8,E5,E3,RS147",NA
2017-00003421,2017-04-10,38.031283,-78.482792,"Cooking fire, confined to container","113 - Cooking fire, confined to container",11 - Structure Fire,1 - Fire,2017-04-10T14:19:00Z,1.42,1.35,NA,"E1,FM1,TO10,TRK8,BC3,FM2,FM4,E3,RS147,E5,E4",NA
2017-00003424,2017-04-10,38.034682,-78.505643,Outside equipment fire,162 - Outside equipment fire,16 - Special outside fire,1 - Fire,2017-04-10T16:44:00Z,2.17,NA,NA,"BC6,UVA2,VOL,E5,E3,E4,TRK8,TO10,E1,BC3,RS144,FM2,FM4,CHF1",NA
2017-00003448,2017-04-11,38.016868,-78.521679,Fires in structure other than in a building,112 - Fires in structure other than in a building,11 - Structure Fire,1 - Fire,2017-04-11T08:13:00Z,1.42,2.22,7.37,E4,2017-04-11T08:23:00Z
2017-00003470,2017-04-11,38.030943,-78.503425,Outside equipment fire,162 - Outside equipment fire,16 - Special outside fire,1 - Fire,2017-04-11T23:29:00Z,1.62,0.73,4.12,E4,2017-04-11T23:33:00Z
2017-00003520,2017-04-13,38.051428,-78.480314,Brush or brush-and-grass mixture fire,142 - Brush or brush-and-grass mixture fire,14 - Natural vegetation fire,1 - Fire,2017-04-13T19:46:00Z,0.83,0.5,3.65,"E1,FM2",2017-04-13T19:50:00Z
2017-00003616,2017-04-16,38.049573,-78.507007,"Cooking fire, confined to container","113 - Cooking fire, confined to container",11 - Structure Fire,1 - Fire,2017-04-16T13:25:00Z,1,1.47,4,"E1,E4,BC6,TO10",2017-04-16T13:31:00Z
2017-00003627,2017-04-16,38.015477,-78.470943,Building fire,111 - Building fire,11 - Structure Fire,1 - Fire,2017-04-16T17:35:00Z,1.48,1.52,4.07,"TRK8,E7,DUTY1,E4,TO10,BC6,E5,E1,FM2,RS147",2017-04-16T17:41:00Z
2017-00003632,2017-04-16,38.015171,-78.532559,Building fire,111 - Building fire,11 - Structure Fire,1 - Fire,2017-04-16T22:09:00Z,2.83,1.58,7.3,E4,2017-04-16T22:18:00Z
2017-00003687,2017-04-18,38.003418,-78.493239,"Cooking fire, confined to container","113 - Cooking fire, confined to container",11 - Structure Fire,1 - Fire,2017-04-19T02:06:00Z,2.82,1.67,9.17,E3,2017-04-19T02:17:00Z
2017-00003688,2017-04-18,38.05342,-78.472908,Brush or brush-and-grass mixture fire,142 - Brush or brush-and-grass mixture fire,14 - Natural vegetation fire,1 - Fire,2017-04-19T02:17:00Z,2.4,1.23,4.8,E1,2017-04-19T02:23:00Z
2017-00003696,2017-04-19,38.040317,-78.506698,Brush or brush-and-grass mixture fire,142 - Brush or brush-and-grass mixture fire,14 - Natural vegetation fire,1 - Fire,2017-04-19T12:10:00Z,2,0.02,5.68,E4,2017-04-19T12:16:00Z
2017-00003711,2017-04-19,38.02997,-78.484916,"Natural vegetation fire, other","140 - Natural vegetation fire, other",14 - Natural vegetation fire,1 - Fire,2017-04-19T21:19:00Z,1.13,NA,NA,E3,2017-04-19T21:19:00Z
2017-00003757,2017-04-20,38.02662,-78.467659,Passenger vehicle fire,131 - Passenger vehicle fire,13 - Mobile property (vehicle) fire,1 - Fire,2017-04-21T00:24:00Z,0.58,1.08,3.88,E3,2017-04-21T00:29:00Z
2017-00003946,2017-04-25,37.997681,-78.50827,Building fire,111 - Building fire,11 - Structure Fire,1 - Fire,2017-04-25T21:16:00Z,2,1.57,7.83,E7,2017-04-25T21:26:00Z
2017-00004056,2017-04-29,38.03557,-78.498555,"Cooking fire, confined to container","113 - Cooking fire, confined to container",11 - Structure Fire,1 - Fire,2017-04-29T11:29:00Z,0.85,2.33,2.6,"TRK8,E5,BC1",2017-04-29T11:34:00Z
2017-00004095,2017-04-29,38.023004,-78.485671,"Outside rubbish, trash or waste fire","151 - Outside rubbish, trash or waste fire",15 - Outside rubbish fire,1 - Fire,2017-04-30T03:33:00Z,1.7,1.2,7.22,E5,2017-04-30T03:41:00Z
2017-00004143,2017-05-01,38.036519,-78.484285,Building fire,111 - Building fire,11 - Structure Fire,1 - Fire,2017-05-01T20:34:00Z,0.88,0.08,0.37,"DUTY1,E7,TRK8,BC1,E5,E1,RS145,E10,TO10",2017-05-01T20:34:00Z
2017-00004165,2017-05-02,37.998649,-78.523004,Building fire,111 - Building fire,11 - Structure Fire,1 - Fire,2017-05-02T17:48:00Z,1.93,1.5,5.3,E10,2017-05-02T17:55:00Z
2017-00004179,2017-05-02,38.030534,-78.499537,Dumpster or other outside trash receptacle fire,154 - Dumpster or other outside trash receptacle fire,15 - Outside rubbish fire,1 - Fire,2017-05-03T00:11:00Z,0.98,0.5,2.82,E5,2017-05-03T00:14:00Z
2017-00004236,2017-05-04,38.025771,-78.519558,Passenger vehicle fire,131 - Passenger vehicle fire,13 - Mobile property (vehicle) fire,1 - Fire,2017-05-04T15:11:00Z,0.87,1.18,0.73,E10,2017-05-04T15:13:00Z
2017-00004244,2017-05-04,38.041473,-78.505885,Building fire,111 - Building fire,11 - Structure Fire,1 - Fire,2017-05-04T20:31:00Z,0.95,0.08,NA,"CHF1,E7,TO10,E10,BC2,TRK8,RS146,E1,E5,FM1,SQ133,FM4,RS142,FM3,E4",NA
2017-00004246,2017-05-04,38.025682,-78.518421,Building fire,111 - Building fire,11 - Structure Fire,1 - Fire,2017-05-04T20:47:00Z,1,0.1,NA,"CHF3,E4,RS145,FM3",NA
2017-00004269,2017-05-05,38.041473,-78.505885,Building fire,111 - Building fire,11 - Structure Fire,1 - Fire,2017-05-05T12:03:00Z,0.87,0.07,3.27,"FM3,BC3,E10,TO10,E7,FM2",2017-05-05T12:07:00Z
2017-00004397,2017-05-08,38.026584,-78.48793,"Outside rubbish, trash or waste fire","151 - Outside rubbish, trash or waste fire",15 - Outside rubbish fire,1 - Fire,2017-05-08T14:45:00Z,1.47,NA,NA,"BC6,E5,TRK8,E7",NA
2017-00004411,2017-05-08,38.03485,-78.50931,Passenger vehicle fire,131 - Passenger vehicle fire,13 - Mobile property (vehicle) fire,1 - Fire,2017-05-08T21:26:00Z,0.33,NA,NA,"UVA2,FM2,E10",NA
2017-00004463,2017-05-10,38.099762,-78.462068,Building fire,111 - Building fire,11 - Structure Fire,1 - Fire,2017-05-10T05:22:00Z,0.83,1.82,6.6,E1,2017-05-10T05:30:00Z
2017-00004467,2017-05-10,38.039077,-78.495985,Building fire,111 - Building fire,11 - Structure Fire,1 - Fire,2017-05-10T08:08:00Z,0.77,2.98,3.27,"E7,BC2,E5,TRK8",2017-05-10T08:14:00Z
2017-00004497,2017-05-11,38.027416,-78.480696,Passenger vehicle fire,131 - Passenger vehicle fire,13 - Mobile property (vehicle) fire,1 - Fire,2017-05-11T10:58:00Z,0.9,1.65,2.03,E7,2017-05-11T11:02:00Z
2017-00004502,2017-05-11,38.030284,-78.4765,"Special outside fire, other","160 - Special outside fire, other",16 - Special outside fire,1 - Fire,2017-05-11T14:07:00Z,1.5,0.65,2.93,"E7,TRK8,E5,BC2",2017-05-11T14:11:00Z
2017-00004678,2017-05-16,38.018082,-78.499992,"Cooking fire, confined to container","113 - Cooking fire, confined to container",11 - Structure Fire,1 - Fire,2017-05-16T22:26:00Z,1.97,0.03,NA,"BC3,E10,E4,RS141,TO10,E7,TRK8,E5,DUTY1",NA
2017-00004689,2017-05-17,38.021047,-78.500315,Building fire,111 - Building fire,11 - Structure Fire,1 - Fire,2017-05-17T13:07:00Z,1.75,1.27,5.53,"TRK8,FM4",2017-05-17T13:13:00Z
2017-00004691,2017-05-17,38.048488,-78.513205,Building fire,111 - Building fire,11 - Structure Fire,1 - Fire,2017-05-17T13:54:00Z,0.87,NA,NA,"UVA2,E10,RS142,E4",NA
2017-00004738,2017-05-18,38.019827,-78.478614,Building fire,111 - Building fire,11 - Structure Fire,1 - Fire,2017-05-19T03:07:00Z,30.7,0.1,NA,"CHF1,FM4,TRK8,E5,BC2,RS142,E4,E7,DUTY1,TO10",NA
2017-00004754,2017-05-19,38.022665,-78.494572,Building fire,111 - Building fire,11 - Structure Fire,1 - Fire,2017-05-19T14:08:00Z,1.4,3.65,NA,"E4,E5,FM1,FM2,TO10,RS146,TRK8,E7,BC1,E10",NA
2017-00004764,2017-05-19,38.038468,-78.485115,Building fire,111 - Building fire,11 - Structure Fire,1 - Fire,2017-05-19T19:08:00Z,2.43,1.32,NA,"E10,E4,TO10,RS142,TRK8,E7,BC1,E5,FM4",NA
2017-00004766,2017-05-19,38.033086,-78.496763,"Trash or rubbish fire, contained","118 - Trash or rubbish fire, contained",11 - Structure Fire,1 - Fire,2017-05-19T19:35:00Z,1.98,0.17,1.4,E5,2017-05-19T19:37:00Z
2017-00004789,2017-05-19,NA,NA,Passenger vehicle fire,131 - Passenger vehicle fire,13 - Mobile property (vehicle) fire,1 - Fire,2017-05-20T03:39:00Z,1.2,NA,NA,"UVA2,E10",NA
2017-00004806,2017-05-20,38.033752,-78.457294,"Cooking fire, confined to container","113 - Cooking fire, confined to container",11 - Structure Fire,1 - Fire,2017-05-20T14:35:00Z,1.25,0.03,1.58,"E2,E5,RS142",2017-05-20T14:37:00Z
2017-00004878,2017-05-22,38.07814,-78.490943,Building fire,111 - Building fire,11 - Structure Fire,1 - Fire,2017-05-22T22:31:00Z,0.9,1.28,5.1,E1,2017-05-22T22:37:00Z
2017-00004902,2017-05-23,38.024641,-78.49447,Passenger vehicle fire,131 - Passenger vehicle fire,13 - Mobile property (vehicle) fire,1 - Fire,2017-05-23T17:59:00Z,0.62,0.07,3.47,"BC6,E4",2017-05-23T18:02:00Z
2017-00004946,2017-05-24,38.018494,-78.498304,Building fire,111 - Building fire,11 - Structure Fire,1 - Fire,2017-05-24T23:32:00Z,2.85,1.73,3.78,"E7,TRK8,BC1,E5,TO10,E10,FM1",2017-05-24T23:37:00Z
2017-00004996,2017-05-26,38.021447,-78.486562,"Cooking fire, confined to container","113 - Cooking fire, confined to container",11 - Structure Fire,1 - Fire,2017-05-26T09:47:00Z,1.55,0.05,0.38,"E5,BC6,TRK8,E7,RS142",2017-05-26T09:47:00Z
2017-00005008,2017-05-26,38.033752,-78.457294,"Cooking fire, confined to container","113 - Cooking fire, confined to container",11 - Structure Fire,1 - Fire,2017-05-26T17:31:00Z,0.83,2.77,3.5,E5,2017-05-26T17:38:00Z
2017-00005042,2017-05-27,38.036382,-78.461962,Passenger vehicle fire,131 - Passenger vehicle fire,13 - Mobile property (vehicle) fire,1 - Fire,2017-05-27T14:50:00Z,1.52,1.42,3.7,"E7,E5,FM2",2017-05-27T14:55:00Z
2017-00005096,2017-05-28,38.022866,-78.485878,"Cooking fire, confined to container","113 - Cooking fire, confined to container",11 - Structure Fire,1 - Fire,2017-05-29T00:53:00Z,1.27,1.4,2.5,"E5,TRK8,E7,BC6",2017-05-29T00:57:00Z
2017-00005126,2017-05-29,38.032246,-78.480868,"Outside rubbish, trash or waste fire","151 - Outside rubbish, trash or waste fire",15 - Outside rubbish fire,1 - Fire,2017-05-30T03:18:00Z,2.05,0.08,NA,"DUTY1,E10,E3,E7,RS142,TO10,TRK8,BC6,E5",NA
2017-00005137,2017-05-30,38.088678,-78.466359,"Cooking fire, confined to container","113 - Cooking fire, confined to container",11 - Structure Fire,1 - Fire,2017-05-30T11:29:00Z,1.32,1.87,5.4,E3,2017-05-30T11:36:00Z
2017-00005160,2017-05-30,38.031577,-78.481096,"Outside rubbish, trash or waste fire","151 - Outside rubbish, trash or waste fire",15 - Outside rubbish fire,1 - Fire,2017-05-30T23:50:00Z,2.73,0.87,2.08,E5,2017-05-30T23:53:00Z
2017-00005167,2017-05-30,38.033794,-78.477129,Building fire,111 - Building fire,11 - Structure Fire,1 - Fire,2017-05-31T03:22:00Z,1.97,2.28,NA,"TRK8,E5,BC3,FM2",NA
2017-00005249,2017-06-02,38.035036,-78.45943,Brush or brush-and-grass mixture fire,142 - Brush or brush-and-grass mixture fire,14 - Natural vegetation fire,1 - Fire,2017-06-02T20:08:00Z,2.13,0.63,4.08,E3,2017-06-02T20:13:00Z
2017-00005286,2017-06-03,38.024382,-78.475144,Passenger vehicle fire,131 - Passenger vehicle fire,13 - Mobile property (vehicle) fire,1 - Fire,2017-06-03T22:51:00Z,2.02,0.52,2.6,"TRK8,E3",2017-06-03T22:54:00Z
2017-00005410,2017-06-07,38.039282,-78.496802,Building fire,111 - Building fire,11 - Structure Fire,1 - Fire,2017-06-07T17:41:00Z,0.68,1.4,3.48,"E3,E7,E10,BC2,DUTY1,E5,TO10,TRK8,FM4,RS142",2017-06-07T17:45:00Z
2017-00005451,2017-06-09,38.08234,-78.483986,"Cooking fire, confined to container","113 - Cooking fire, confined to container",11 - Structure Fire,1 - Fire,2017-06-09T11:33:00Z,0.75,1.33,NA,E1,NA
2017-00005484,2017-06-10,38.028058,-78.480386,"Natural vegetation fire, other","140 - Natural vegetation fire, other",14 - Natural vegetation fire,1 - Fire,2017-06-10T16:58:00Z,0.82,1.02,1.78,E7,2017-06-10T17:01:00Z
2017-00005485,2017-06-10,38.04448,-78.467599,Brush or brush-and-grass mixture fire,142 - Brush or brush-and-grass mixture fire,14 - Natural vegetation fire,1 - Fire,2017-06-10T18:12:00Z,1.87,0.73,3.28,E1,2017-06-10T18:16:00Z
2017-00005494,2017-06-10,38.06319,-78.488524,Brush or brush-and-grass mixture fire,142 - Brush or brush-and-grass mixture fire,14 - Natural vegetation fire,1 - Fire,2017-06-10T22:19:00Z,1,0.75,3.65,E1,2017-06-10T22:23:00Z
2017-00005535,2017-06-11,38.07228,-78.492127,"Cooking fire, confined to container","113 - Cooking fire, confined to container",11 - Structure Fire,1 - Fire,2017-06-12T03:59:00Z,1.42,1.22,5.47,E1,2017-06-12T04:06:00Z
2017-00005550,2017-06-12,38.028806,-78.465822,Building fire,111 - Building fire,11 - Structure Fire,1 - Fire,2017-06-12T18:00:00Z,1.67,1.75,NA,"TO10,E7,E5,TRK8,RS145,RS146,BC6,E1,E10,FM2",NA
2017-00005608,2017-06-13,38.04589,-78.488195,"Cooking fire, confined to container","113 - Cooking fire, confined to container",11 - Structure Fire,1 - Fire,2017-06-14T00:08:00Z,0.92,0.75,4.07,"E1,TRK8",2017-06-14T00:13:00Z
2017-00005673,2017-06-15,38.021871,-78.441997,Building fire,111 - Building fire,11 - Structure Fire,1 - Fire,2017-06-15T20:58:00Z,0.88,1.15,6.77,E1,2017-06-15T21:06:00Z
2017-00005696,2017-06-16,38.03294,-78.513458,Passenger vehicle fire,131 - Passenger vehicle fire,13 - Mobile property (vehicle) fire,1 - Fire,2017-06-16T15:57:00Z,0.52,1.5,2.85,E10,2017-06-16T16:01:00Z
2017-00005778,2017-06-18,38.003751,-78.493919,Building fire,111 - Building fire,11 - Structure Fire,1 - Fire,2017-06-18T18:41:00Z,1.6,1.22,3.92,E7,2017-06-18T18:46:00Z
2017-00005817,2017-06-19,38.033945,-78.503833,"Cooking fire, confined to container","113 - Cooking fire, confined to container",11 - Structure Fire,1 - Fire,2017-06-19T23:33:00Z,1.73,NA,NA,"UVA2,TRK8,BC3,E5,E7",NA
2017-00005834,2017-06-20,38.033312,-78.502501,Road freight or transport vehicle fire,132 - Road freight or transport vehicle fire,13 - Mobile property (vehicle) fire,1 - Fire,2017-06-20T16:55:00Z,0.97,NA,NA,"UVA2,E7",NA
2017-00005842,2017-06-20,38.028063,-78.480398,"Cooking fire, confined to container","113 - Cooking fire, confined to container",11 - Structure Fire,1 - Fire,2017-06-20T21:02:00Z,1.15,1.37,2.32,"E5,E7,TRK8,BC6",2017-06-20T21:05:00Z
2017-00005850,2017-06-20,38.040211,-78.497034,Dumpster or other outside trash receptacle fire,154 - Dumpster or other outside trash receptacle fire,15 - Outside rubbish fire,1 - Fire,2017-06-21T01:43:00Z,0.75,1.23,3.43,E7,2017-06-21T01:48:00Z
2017-00005890,2017-06-22,38.031333,-78.507717,Building fire,111 - Building fire,11 - Structure Fire,1 - Fire,2017-06-22T18:46:00Z,0.9,1.48,2.08,"E10,TO10,E7,BC6,FM4",2017-06-22T18:49:00Z
2017-00005990,2017-06-25,38.03485,-78.50931,Brush or brush-and-grass mixture fire,142 - Brush or brush-and-grass mixture fire,14 - Natural vegetation fire,1 - Fire,2017-06-26T00:01:00Z,4.1,1.48,3.9,E10,2017-06-26T00:07:00Z
2017-00006002,2017-06-26,38.042534,-78.511478,Brush or brush-and-grass mixture fire,142 - Brush or brush-and-grass mixture fire,14 - Natural vegetation fire,1 - Fire,2017-06-26T16:57:00Z,1.12,0.97,3.85,E10,2017-06-26T17:02:00Z
2017-00006057,2017-06-28,38.043784,-78.49943,Building fire,111 - Building fire,11 - Structure Fire,1 - Fire,2017-06-28T10:51:00Z,1.98,NA,NA,"FM1,VOL,E2,BC6,BC3,E7,TO10,E5,E10,TRK8",NA
2017-00006077,2017-06-28,38.030711,-78.482263,Passenger vehicle fire,131 - Passenger vehicle fire,13 - Mobile property (vehicle) fire,1 - Fire,2017-06-28T22:16:00Z,1.03,1.07,1.18,"E5,BC3,E10,FM3",2017-06-28T22:18:00Z
2017-00006086,2017-06-29,38.056804,-78.499922,Building fire,111 - Building fire,11 - Structure Fire,1 - Fire,2017-06-29T10:50:00Z,0.7,1.83,2.98,"E1,TO10,E10,BC6,FM2",2017-06-29T10:54:00Z
2017-00006114,2017-06-30,38.051882,-78.500519,Dumpster or other outside trash receptacle fire,154 - Dumpster or other outside trash receptacle fire,15 - Outside rubbish fire,1 - Fire,2017-06-30T07:15:00Z,0.88,2.43,3.38,E1,2017-06-30T07:21:00Z
2017-00006213,2017-07-03,38.075229,-78.495868,"Trash or rubbish fire, contained","118 - Trash or rubbish fire, contained",11 - Structure Fire,1 - Fire,2017-07-03T13:20:00Z,1.25,1.98,4.8,E1,2017-07-03T13:27:00Z
2017-00006229,2017-07-03,38.033885,-78.485495,"Cooking fire, confined to container","113 - Cooking fire, confined to container",11 - Structure Fire,1 - Fire,2017-07-04T02:45:00Z,1.28,1.85,1.88,"E7,TRK8,E5,BC1",2017-07-04T02:49:00Z
2017-00006268,2017-07-04,38.057912,-78.494794,"Trash or rubbish fire, contained","118 - Trash or rubbish fire, contained",11 - Structure Fire,1 - Fire,2017-07-05T02:57:00Z,0.97,2.43,2.32,"E1,BC6,FM2",2017-07-05T03:02:00Z
2017-00006348,2017-07-07,38.018379,-78.481716,"Outside rubbish, trash or waste fire","151 - Outside rubbish, trash or waste fire",15 - Outside rubbish fire,1 - Fire,2017-07-07T22:04:00Z,1.62,1.38,3.35,E5,2017-07-07T22:09:00Z
2017-00006412,2017-07-08,38.025204,-78.513202,"Fire, other","100 - Fire, other","10 - Fire, other",1 - Fire,2017-07-09T02:33:00Z,3.95,1.42,4.25,E10,2017-07-09T02:39:00Z
2017-00006534,2017-07-13,38.014795,-78.470151,Building fire,111 - Building fire,11 - Structure Fire,1 - Fire,2017-07-13T06:41:00Z,0.77,NA,NA,"VOL,RS141,E5,TRK8,E7,BC1,E1,RS145,TO10,E10,FM2,SQ135,DUTY1,FM4",NA
2017-00006647,2017-07-16,38.025721,-78.470015,"Commercial Compactor fire, confined to rubbish","117 - Commercial Compactor fire, confined to rubbish",11 - Structure Fire,1 - Fire,2017-07-16T20:51:00Z,1.98,0.07,2.38,"E1,E5,TRK8,E7,BC6,TO10,FM2",2017-07-16T20:53:00Z
2017-00006651,2017-07-16,38.020112,-78.504033,Outside equipment fire,162 - Outside equipment fire,16 - Special outside fire,1 - Fire,2017-07-16T22:34:00Z,0.85,1.77,4.68,E10,2017-07-16T22:40:00Z
2017-00006671,2017-07-17,38.059267,-78.488124,"Cooking fire, confined to container","113 - Cooking fire, confined to container",11 - Structure Fire,1 - Fire,2017-07-17T15:57:00Z,0.62,1.33,2.83,"E1,E5,E7,BC1,TRK8,RS145,TO10",2017-07-17T16:01:00Z
2017-00006727,2017-07-19,38.016067,-78.474912,"Natural vegetation fire, other","140 - Natural vegetation fire, other",14 - Natural vegetation fire,1 - Fire,2017-07-19T18:33:00Z,2.22,1.43,3.23,E7,2017-07-19T18:38:00Z
2017-00006743,2017-07-20,NA,NA,Passenger vehicle fire,131 - Passenger vehicle fire,13 - Mobile property (vehicle) fire,1 - Fire,2017-07-20T13:42:00Z,NA,NA,NA,E10,2017-07-20T13:51:00Z
2017-00006781,2017-07-21,38.030106,-78.478756,"Cooking fire, confined to container","113 - Cooking fire, confined to container",11 - Structure Fire,1 - Fire,2017-07-21T14:29:00Z,0.5,1.4,2.17,"E7,BC1,E5,RS145,TRK8,FM3,E10",2017-07-21T14:33:00Z
2017-00006789,2017-07-21,38.02518,-78.487971,Brush or brush-and-grass mixture fire,142 - Brush or brush-and-grass mixture fire,14 - Natural vegetation fire,1 - Fire,2017-07-21T19:56:00Z,0.72,1.17,1.58,E7,2017-07-21T19:59:00Z
2017-00006829,2017-07-22,38.031573,-78.481473,Building fire,111 - Building fire,11 - Structure Fire,1 - Fire,2017-07-22T21:05:00Z,1.15,0.05,NA,"DUTY1,RS146,BC6,E7,TRK8,E1,RS144,SQ133,TO10,CHF1,FM1,E10",NA
2017-00006872,2017-07-23,38.021664,-78.474555,"Trash or rubbish fire, contained","118 - Trash or rubbish fire, contained",11 - Structure Fire,1 - Fire,2017-07-23T23:58:00Z,1.03,0.42,NA,"E1,RS146,TO10,E5,E7,TRK8,BC6",NA
2017-00006997,2017-07-28,38.023955,-78.494643,"Cooking fire, confined to container","113 - Cooking fire, confined to container",11 - Structure Fire,1 - Fire,2017-07-28T16:08:00Z,0.95,1.72,NA,"E10,E7,RS145,TRK8,E5,BC1",NA
2017-00007102,2017-07-31,38.025827,-78.467008,Building fire,111 - Building fire,11 - Structure Fire,1 - Fire,2017-07-31T21:32:00Z,0.95,1.53,NA,"DUTY1,E10,E2,TO10,FM1,E7,E5,BC6,TRK8,RS141,FM4",NA
2017-00007176,2017-08-03,38.054301,-78.500519,"Natural vegetation fire, other","140 - Natural vegetation fire, other",14 - Natural vegetation fire,1 - Fire,2017-08-03T21:21:00Z,0.53,1.42,3.37,E2,2017-08-03T21:26:00Z
2017-00007194,2017-08-04,38.051597,-78.484084,"Fire in portable building, fixed location","123 - Fire in portable building, fixed location",12 - Fire in mobile property used as a fixed structure,1 - Fire,2017-08-04T16:54:00Z,1.18,1.35,4.63,"E5,E7,E2,BC6,RS145,TRK8,E10,TO10,FM1",2017-08-04T17:00:00Z
2017-00007240,2017-08-05,38.023679,-78.490487,"Cooking fire, confined to container","113 - Cooking fire, confined to container",11 - Structure Fire,1 - Fire,2017-08-05T22:08:00Z,0.83,0.93,NA,"BC6,E7,TRK8,E5",NA
2017-00007262,2017-08-06,38.046987,-78.462996,Building fire,111 - Building fire,11 - Structure Fire,1 - Fire,2017-08-06T22:00:00Z,0.82,8.75,NA,"FM1,E2,E7,TRK8,BC1,TO10,E10,E5,CHF1,FM4,RS142",NA
2017-00007362,2017-08-10,38.020638,-78.495526,Passenger vehicle fire,131 - Passenger vehicle fire,13 - Mobile property (vehicle) fire,1 - Fire,2017-08-10T04:41:00Z,0.92,2.2,2.58,E7,2017-08-10T04:46:00Z
2017-00007418,2017-08-12,38.021622,-78.485908,Brush or brush-and-grass mixture fire,142 - Brush or brush-and-grass mixture fire,14 - Natural vegetation fire,1 - Fire,2017-08-12T07:23:00Z,1.62,2.73,2.23,"E5,BC2",2017-08-12T07:28:00Z
2017-00007529,2017-08-16,38.01939,-78.488304,Building fire,111 - Building fire,11 - Structure Fire,1 - Fire,2017-08-16T17:28:00Z,0.65,0.97,3.73,"BC2,E10,E5,RS142,E2,TO10,E7,FM2,TRK8,FM1",2017-08-16T17:32:00Z
2017-00007595,2017-08-18,38.02825,-78.474226,Passenger vehicle fire,131 - Passenger vehicle fire,13 - Mobile property (vehicle) fire,1 - Fire,2017-08-18T21:23:00Z,1.43,1.37,2.8,E5,2017-08-18T21:28:00Z
2017-00007730,2017-08-22,38.03516,-78.506336,Brush or brush-and-grass mixture fire,142 - Brush or brush-and-grass mixture fire,14 - Natural vegetation fire,1 - Fire,2017-08-23T03:34:00Z,1.5,1.88,NA,"E10,BC1,TO10,E7",NA
2017-00007783,2017-08-25,38.082632,-78.48699,Building fire,111 - Building fire,11 - Structure Fire,1 - Fire,2017-08-25T10:37:00Z,1.02,1.07,NA,E1,NA
2017-00007912,2017-08-29,38.054751,-78.489716,Building fire,111 - Building fire,11 - Structure Fire,1 - Fire,2017-08-29T21:24:00Z,0.63,0.03,NA,"CHF1,FM4,E2,E5,E7,TO10,RS142,E10,BC2,TRK8,FM3",NA
2017-00007914,2017-08-29,38.046647,-78.486043,"Cooking fire, confined to container","113 - Cooking fire, confined to container",11 - Structure Fire,1 - Fire,2017-08-29T23:00:00Z,1.5,1.6,3.73,"TRK8,BC2,E7,E10,RS146,FM4,FM3",2017-08-29T23:06:00Z
2017-00007954,2017-08-31,38.034829,-78.496196,Building fire,111 - Building fire,11 - Structure Fire,1 - Fire,2017-08-31T21:21:00Z,0.68,NA,NA,"E2,RS142,VOL,E7,E5,TRK8,TO10,BC1,RS146,E10",NA
2017-00008141,2017-09-06,38.023652,-78.475394,Passenger vehicle fire,131 - Passenger vehicle fire,13 - Mobile property (vehicle) fire,1 - Fire,2017-09-06T09:42:00Z,1.47,1.43,2.87,E5,2017-09-06T09:46:00Z
2017-00008146,2017-09-06,38.086651,-78.459408,"Fire, other","100 - Fire, other","10 - Fire, other",1 - Fire,2017-09-06T14:30:00Z,0.78,1.3,8.28,E2,2017-09-06T14:40:00Z
2017-00008270,2017-09-09,38.019602,-78.473653,"Special outside fire, other","160 - Special outside fire, other",16 - Special outside fire,1 - Fire,2017-09-10T01:32:00Z,1.47,1.63,3.48,E5,2017-09-10T01:37:00Z
2017-00008293,2017-09-10,38.020556,-78.477739,"Trash or rubbish fire, contained","118 - Trash or rubbish fire, contained",11 - Structure Fire,1 - Fire,2017-09-10T19:14:00Z,1.32,0.73,3.55,E5,2017-09-10T19:18:00Z
2017-00008342,2017-09-12,38.05342,-78.472908,Brush or brush-and-grass mixture fire,142 - Brush or brush-and-grass mixture fire,14 - Natural vegetation fire,1 - Fire,2017-09-12T18:09:00Z,1.2,1.13,4.45,E7,2017-09-12T18:14:00Z
2017-00008380,2017-09-13,38.012862,-78.482766,Building fire,111 - Building fire,11 - Structure Fire,1 - Fire,2017-09-14T02:52:00Z,0.45,2.28,2.73,"E7,BC1,E5,TRK8,E2,TO10,RS145",2017-09-14T02:57:00Z
2017-00008412,2017-09-15,38.05035,-78.458182,"Cooking fire, confined to container","113 - Cooking fire, confined to container",11 - Structure Fire,1 - Fire,2017-09-15T18:33:00Z,1.25,1.78,5.8,E2,2017-09-15T18:41:00Z
2017-00008607,2017-09-20,38.030534,-78.499537,"Trash or rubbish fire, contained","118 - Trash or rubbish fire, contained",11 - Structure Fire,1 - Fire,2017-09-20T21:16:00Z,2.4,1.15,3.37,E7,2017-09-20T21:21:00Z
2017-00008781,2017-09-26,38.056955,-78.488816,Passenger vehicle fire,131 - Passenger vehicle fire,13 - Mobile property (vehicle) fire,1 - Fire,2017-09-25T17:39:00Z,6.23,1.63,NA,"E7,E2",NA
2017-00008845,2017-09-27,38.038525,-78.507127,Passenger vehicle fire,131 - Passenger vehicle fire,13 - Mobile property (vehicle) fire,1 - Fire,2017-09-27T18:18:00Z,1.38,NA,NA,"UVA2,E10",NA
2017-00008887,2017-09-28,38.008944,-78.525261,Brush or brush-and-grass mixture fire,142 - Brush or brush-and-grass mixture fire,14 - Natural vegetation fire,1 - Fire,2017-09-28T19:16:00Z,1.07,1.68,NA,E10,NA
2017-00008996,2017-10-01,38.014577,-78.469962,Building fire,111 - Building fire,11 - Structure Fire,1 - Fire,2017-10-01T23:30:00Z,1.43,0.85,4.28,"TRK8,BC1,E5,E7,RS142,E1",2017-10-01T23:35:00Z
2017-00009275,2017-10-09,38.020999,-78.478113,"Fire, other","100 - Fire, other","10 - Fire, other",1 - Fire,2017-10-09T06:08:00Z,0.73,2.95,4.62,E5,2017-10-09T06:15:00Z
2017-00009357,2017-10-11,38.072021,-78.490241,"Cooking fire, confined to container","113 - Cooking fire, confined to container",11 - Structure Fire,1 - Fire,2017-10-11T20:39:00Z,1.22,0.93,4.43,E1,2017-10-11T20:44:00Z
2017-00009375,2017-10-12,38.026921,-78.487855,"Cooking fire, confined to container","113 - Cooking fire, confined to container",11 - Structure Fire,1 - Fire,2017-10-12T10:50:00Z,1.52,1.48,1.6,"E7,E5,BC6,TRK8,RS140",2017-10-12T10:53:00Z
2017-00009479,2017-10-14,38.029549,-78.504968,"Cooking fire, confined to container","113 - Cooking fire, confined to container",11 - Structure Fire,1 - Fire,2017-10-14T22:10:00Z,1.07,NA,NA,"E4,E10,TRK8",NA
2017-00009747,2017-10-22,38.035282,-78.503091,"Chimney or flue fire, confined to chimney or flue","114 - Chimney or flue fire, confined to chimney or flue",11 - Structure Fire,1 - Fire,2017-10-22T04:48:00Z,1.93,NA,NA,"UVA2,E7,TRK8",NA
2017-00009797,2017-10-23,38.023933,-78.490468,"Cooking fire, confined to container","113 - Cooking fire, confined to container",11 - Structure Fire,1 - Fire,2017-10-23T16:26:00Z,1.1,0.05,NA,"RS147,E3,E2,TRK8,BC6",NA
2017-00009802,2017-10-23,38.033063,-78.50411,Dumpster or other outside trash receptacle fire,154 - Dumpster or other outside trash receptacle fire,15 - Outside rubbish fire,1 - Fire,2017-10-23T20:29:00Z,2.72,1.47,3.55,E10,2017-10-23T20:34:00Z
2017-00009835,2017-10-24,38.066284,-78.497775,"Cooking fire, confined to container","113 - Cooking fire, confined to container",11 - Structure Fire,1 - Fire,2017-10-24T16:54:00Z,1.32,0.63,4.22,E1,2017-10-24T16:59:00Z
2017-00009977,2017-10-28,38.034875,-78.499237,Dumpster or other outside trash receptacle fire,154 - Dumpster or other outside trash receptacle fire,15 - Outside rubbish fire,1 - Fire,2017-10-28T22:30:00Z,1.62,1.35,2.68,E3,2017-10-28T22:34:00Z
2017-00009997,2017-10-29,38.030755,-78.485653,Building fire,111 - Building fire,11 - Structure Fire,1 - Fire,2017-10-29T08:09:00Z,3.75,2.47,1.68,"BC1,E3,TRK8,E2,RS142,FM1",2017-10-29T08:14:00Z
2017-00010047,2017-10-30,38.034782,-78.486119,"Trash or rubbish fire, contained","118 - Trash or rubbish fire, contained",11 - Structure Fire,1 - Fire,2017-10-30T15:53:00Z,1.75,1.52,5.37,E3,2017-10-30T16:00:00Z
2017-00010052,2017-10-30,38.026446,-78.524679,Passenger vehicle fire,131 - Passenger vehicle fire,13 - Mobile property (vehicle) fire,1 - Fire,2017-10-30T19:53:00Z,1.65,1.48,1.5,E10,2017-10-30T19:56:00Z
2017-00010089,2017-10-31,38.024646,-78.45538,"Cooking fire, confined to container","113 - Cooking fire, confined to container",11 - Structure Fire,1 - Fire,2017-10-31T20:46:00Z,1.33,0.83,5.28,"E2,TRK8,E3,BC6",2017-10-31T20:52:00Z
2017-00010109,2017-11-01,38.00809,-78.509975,Road freight or transport vehicle fire,132 - Road freight or transport vehicle fire,13 - Mobile property (vehicle) fire,1 - Fire,2017-11-01T13:30:00Z,0.9,0.03,4.83,E3,2017-11-01T13:35:00Z
2017-00010126,2017-11-01,38.052653,-78.572962,"Chimney or flue fire, confined to chimney or flue","114 - Chimney or flue fire, confined to chimney or flue",11 - Structure Fire,1 - Fire,2017-11-02T01:13:00Z,0.6,1.98,7.85,E10,2017-11-02T01:23:00Z
2017-00010188,2017-11-03,38.040654,-78.464847,Building fire,111 - Building fire,11 - Structure Fire,1 - Fire,2017-11-03T21:24:00Z,0.72,0.05,NA,"CHF3,RS140,FM2,E1,BC6,E3,E2,TRK8,E10,TO10,CHF1,FM3,FM4",NA
2017-00010281,2017-11-06,38.022842,-78.475386,Building fire,111 - Building fire,11 - Structure Fire,1 - Fire,2017-11-06T08:15:00Z,0.95,2.45,NA,"RS145,TRK8,BC2,E1,E2,E10,TO10,E3,FM3,FM4,FM1,CHF1",NA
2017-00010377,2017-11-09,38.030919,-78.46966,Building fire,111 - Building fire,11 - Structure Fire,1 - Fire,2017-11-09T05:21:00Z,3.33,2.33,NA,"E10,TO10,E3,E2,BC6,TRK8,E1",NA
2017-00010421,2017-11-10,38.073026,-78.492246,"Cooking fire, confined to container","113 - Cooking fire, confined to container",11 - Structure Fire,1 - Fire,2017-11-10T16:01:00Z,0.92,1.63,4.22,E1,2017-11-10T16:07:00Z
2017-00010534,2017-11-13,38.05113,-78.518257,Building fire,111 - Building fire,11 - Structure Fire,1 - Fire,2017-11-13T16:22:00Z,2.47,2.08,NA,"SQ135,E10,E1,E2",NA
2017-00010569,2017-11-14,38.031939,-78.467664,"Trash or rubbish fire, contained","118 - Trash or rubbish fire, contained",11 - Structure Fire,1 - Fire,2017-11-14T17:21:00Z,1.2,1.4,4.05,"E1,BC6,TO10,TRK8",2017-11-14T17:26:00Z
2017-00010616,2017-11-15,38.035362,-78.491992,"Cooking fire, confined to container","113 - Cooking fire, confined to container",11 - Structure Fire,1 - Fire,2017-11-16T04:31:00Z,1.82,2.32,3.83,"E3,BC1,TRK8,E2",2017-11-16T04:37:00Z
2017-00010622,2017-11-16,38.062635,-78.467034,"Cooking fire, confined to container","113 - Cooking fire, confined to container",11 - Structure Fire,1 - Fire,2017-11-16T12:55:00Z,0.8,0.05,NA,"BC6,E10,TO10,TRK8,E1",NA
2017-00010708,2017-11-18,38.068867,-78.496503,"Chimney or flue fire, confined to chimney or flue","114 - Chimney or flue fire, confined to chimney or flue",11 - Structure Fire,1 - Fire,2017-11-18T14:29:00Z,1.23,0.63,5.02,E1,2017-11-18T14:34:00Z
2017-00010758,2017-11-19,38.032334,-78.480773,Brush or brush-and-grass mixture fire,142 - Brush or brush-and-grass mixture fire,14 - Natural vegetation fire,1 - Fire,2017-11-19T16:09:00Z,2.1,0.4,2.28,E2,2017-11-19T16:12:00Z
2017-00010763,2017-11-19,38.026158,-78.514843,"Special outside fire, other","160 - Special outside fire, other",16 - Special outside fire,1 - Fire,2017-11-19T19:24:00Z,2.42,0.08,0.6,"TO10,E10",2017-11-19T19:25:00Z
2017-00010771,2017-11-19,38.012705,-78.54111,"Forest, woods or wildland fire","141 - Forest, woods or wildland fire",14 - Natural vegetation fire,1 - Fire,2017-11-19T22:31:00Z,1.83,1.27,4.73,E10,2017-11-19T22:37:00Z
2017-00010849,2017-11-21,38.057741,-78.452931,"Cooking fire, confined to container","113 - Cooking fire, confined to container",11 - Structure Fire,1 - Fire,2017-11-22T00:26:00Z,1.47,1.42,5.33,E1,2017-11-22T00:33:00Z
2017-00010919,2017-11-24,38.019327,-78.484356,"Cooking fire, confined to container","113 - Cooking fire, confined to container",11 - Structure Fire,1 - Fire,2017-11-24T17:41:00Z,1.1,2.08,NA,"TRK8,E2",NA
2017-00011041,2017-11-27,38.030939,-78.504216,"Cooking fire, confined to container","113 - Cooking fire, confined to container",11 - Structure Fire,1 - Fire,2017-11-28T02:51:00Z,0.78,1.9,NA,"E1,TO10,E3,E2,E10,BC2,TRK8,RS141",NA
2017-00011054,2017-11-28,38.032466,-78.500682,"Trash or rubbish fire, contained","118 - Trash or rubbish fire, contained",11 - Structure Fire,1 - Fire,2017-11-28T18:00:00Z,1.12,NA,NA,"UVA2,E3",NA
2017-00011058,2017-11-28,38.014603,-78.523444,"Chimney or flue fire, confined to chimney or flue","114 - Chimney or flue fire, confined to chimney or flue",11 - Structure Fire,1 - Fire,2017-11-28T22:46:00Z,1.17,1.37,8.03,E10,2017-11-28T22:56:00Z
2017-00011060,2017-11-28,38.066754,-78.50647,Brush or brush-and-grass mixture fire,142 - Brush or brush-and-grass mixture fire,14 - Natural vegetation fire,1 - Fire,2017-11-29T02:28:00Z,0.6,1.57,4.93,E1,2017-11-29T02:35:00Z
2017-00011092,2017-11-29,38.014771,-78.52412,"Cooking fire, confined to container","113 - Cooking fire, confined to container",11 - Structure Fire,1 - Fire,2017-11-30T00:53:00Z,0.78,2.38,9.2,E10,2017-11-30T01:04:00Z
2017-00011166,2017-12-02,38.033775,-78.493789,Building fire,111 - Building fire,11 - Structure Fire,1 - Fire,2017-12-02T12:02:00Z,2.23,NA,NA,"BC6,E2,E3,TO10,FM2",2017-12-02T12:07:00Z
2017-00011192,2017-12-02,38.025115,-78.490265,Brush or brush-and-grass mixture fire,142 - Brush or brush-and-grass mixture fire,14 - Natural vegetation fire,1 - Fire,2017-12-03T01:41:00Z,0.68,1.65,3.52,E3,2017-12-03T01:46:00Z
2017-00011249,2017-12-04,38.041936,-78.514034,"Cooking fire, confined to container","113 - Cooking fire, confined to container",11 - Structure Fire,1 - Fire,2017-12-04T17:21:00Z,0.72,1.67,4.03,"E10,TO10,BC2,E3",2017-12-04T17:27:00Z
2017-00011479,2017-12-11,38.079728,-78.468725,"Cooking fire, confined to container","113 - Cooking fire, confined to container",11 - Structure Fire,1 - Fire,2017-12-12T01:13:00Z,0.97,1.57,5.82,E1,2017-12-12T01:21:00Z
2017-00011518,2017-12-13,37.998161,-78.487496,Building fire,111 - Building fire,11 - Structure Fire,1 - Fire,2017-12-13T16:39:00Z,1.43,0.03,2.82,E2,2017-12-13T16:41:00Z
2017-00011590,2017-12-15,38.035492,-78.499412,"Outside rubbish fire, other","150 - Outside rubbish fire, other",15 - Outside rubbish fire,1 - Fire,2017-12-15T08:39:00Z,2.05,NA,NA,"UVA2,E3",NA
2017-00011728,2017-12-19,38.033752,-78.491578,Grass fire,143 - Grass fire,14 - Natural vegetation fire,1 - Fire,2017-12-19T20:59:00Z,0.85,1.25,2.52,"E3,FM2",2017-12-19T21:03:00Z
2017-00011787,2017-12-21,38.033342,-78.501534,"Outside rubbish, trash or waste fire","151 - Outside rubbish, trash or waste fire",15 - Outside rubbish fire,1 - Fire,2017-12-21T21:21:00Z,1.48,NA,NA,"UVA2,E3",NA
2017-00011854,2017-12-23,38.079831,-78.467579,Building fire,111 - Building fire,11 - Structure Fire,1 - Fire,2017-12-24T01:14:00Z,1.57,1.67,6.2,"E1,RS145",2017-12-24T01:22:00Z
2017-00011918,2017-12-26,38.064908,-78.497908,"Cooking fire, confined to container","113 - Cooking fire, confined to container",11 - Structure Fire,1 - Fire,2017-12-26T20:09:00Z,1.78,5.75,0.63,E1,2017-12-26T20:15:00Z
2017-00011967,2017-12-28,38.038763,-78.458203,"Cooking fire, confined to container","113 - Cooking fire, confined to container",11 - Structure Fire,1 - Fire,2017-12-28T23:22:00Z,2.33,1.92,4.32,"E1,BC1,TRK9,E5",2017-12-28T23:29:00Z
2018-00000136,2018-01-04,38.015511,-78.497775,Brush or brush-and-grass mixture fire,142 - Brush or brush-and-grass mixture fire,14 - Natural vegetation fire,1 - Fire,2018-01-04T16:46:00Z,3.18,0.15,4.28,",E4",2018-01-04T16:51:00Z
2018-00000169,2018-01-05,38.053062,-78.464998,Grass fire,143 - Grass fire,14 - Natural vegetation fire,1 - Fire,2018-01-05T19:01:00Z,1.3,2.53,3.87,E1,2018-01-05T19:07:00Z
2018-00000172,2018-01-05,38.031112,-78.477597,"Cooking fire, confined to container","113 - Cooking fire, confined to container",11 - Structure Fire,1 - Fire,2018-01-05T19:33:00Z,1.23,0.97,2.78,"TRK9,E4,FM4",2018-01-05T19:37:00Z
2018-00000184,2018-01-05,NA,NA,"Chimney or flue fire, confined to chimney or flue","114 - Chimney or flue fire, confined to chimney or flue",11 - Structure Fire,1 - Fire,2018-01-06T00:42:00Z,0.93,2.2,6.82,E10,2018-01-06T00:52:00Z
2018-00000215,2018-01-06,38.04353,-78.466951,"Chimney or flue fire, confined to chimney or flue","114 - Chimney or flue fire, confined to chimney or flue",11 - Structure Fire,1 - Fire,2018-01-06T18:20:00Z,0.8,1.35,3.6,"E1,E4,TRK9,BC1",2018-01-06T18:24:00Z
2018-00000425,2018-01-11,38.036338,-78.483469,Passenger vehicle fire,131 - Passenger vehicle fire,13 - Mobile property (vehicle) fire,1 - Fire,2018-01-11T10:31:00Z,0.75,2.93,3.1,E4,2018-01-11T10:37:00Z
2018-00000438,2018-01-11,38.024151,-78.495025,"Cooking fire, confined to container","113 - Cooking fire, confined to container",11 - Structure Fire,1 - Fire,2018-01-11T21:09:00Z,1.57,0.05,NA,"E1,E10,,TO10,BC1,E4,RS140,TRK9",NA
2018-00000459,2018-01-12,38.032289,-78.48537,Building fire,111 - Building fire,11 - Structure Fire,1 - Fire,2018-01-12T17:06:00Z,1.48,0.05,0.82,",E4,E1,TRK9,RS140,BC1,TO10,E10,FM2,CHF1",2018-01-12T17:06:00Z
2018-00000516,2018-01-14,38.034066,-78.485466,Building fire,111 - Building fire,11 - Structure Fire,1 - Fire,2018-01-14T08:44:00Z,1.28,2.75,1.48,"E4,BC1,TRK9,E1",2018-01-14T08:49:00Z
2018-00000695,2018-01-19,38.036785,-78.493459,Building fire,111 - Building fire,11 - Structure Fire,1 - Fire,2018-01-19T23:20:00Z,1.3,0.03,1.93,"RS140,DUTY1,E4,E1,TRK9,BC1,E10,TO10,CHF1,FM3,FM4",2018-01-19T23:22:00Z
2018-00000704,2018-01-19,38.031215,-78.502712,Building fire,111 - Building fire,11 - Structure Fire,1 - Fire,2018-01-20T04:04:00Z,0.78,2.13,3.38,"E4,BC1,TO10,E10",2018-01-20T04:09:00Z
2018-00000739,2018-01-20,38.041982,-78.49512,Building fire,111 - Building fire,11 - Structure Fire,1 - Fire,2018-01-21T00:11:00Z,1.1,0.05,NA,"DUTY1,RS141,RS146,,E10,TO10,CHF3,BC1,FM2",NA
2018-00000788,2018-01-22,38.0081,-78.516434,"Cooking fire, confined to container","113 - Cooking fire, confined to container",11 - Structure Fire,1 - Fire,2018-01-22T05:12:00Z,0.92,2.6,6.23,E10,2018-01-22T05:21:00Z
2018-00000862,2018-01-24,38.029549,-78.504968,"Cooking fire, confined to container","113 - Cooking fire, confined to container",11 - Structure Fire,1 - Fire,2018-01-24T15:55:00Z,2.1,NA,NA,"UVA2,TO10,E4",NA
2018-00000884,2018-01-25,38.068648,-78.485925,"Trash or rubbish fire, contained","118 - Trash or rubbish fire, contained",11 - Structure Fire,1 - Fire,2018-01-25T13:03:00Z,15.65,1.4,7.03,E1,2018-01-25T13:12:00Z
2018-00000977,2018-01-27,38.03252,-78.516925,Brush or brush-and-grass mixture fire,142 - Brush or brush-and-grass mixture fire,14 - Natural vegetation fire,1 - Fire,2018-01-27T16:41:00Z,1.6,1.55,2.85,"E10,E4",2018-01-27T16:45:00Z
2018-00001066,2018-01-29,38.028667,-78.482506,"Outside rubbish fire, other","150 - Outside rubbish fire, other",15 - Outside rubbish fire,1 - Fire,2018-01-30T01:08:00Z,2.62,1.95,1.68,E4,2018-01-30T01:11:00Z
2018-00001099,2018-01-30,38.039266,-78.494036,Building fire,111 - Building fire,11 - Structure Fire,1 - Fire,2018-01-30T23:32:00Z,1,0.17,2.55,"E4,BC1,TO10,E1,FM4,TRK9,E10,CHF1,FM3,E3,ISU1,",2018-01-30T23:35:00Z
2018-00001153,2018-02-01,38.020534,-78.497788,Building fire,111 - Building fire,11 - Structure Fire,1 - Fire,2018-02-01T21:59:00Z,1,1.58,NA,"E1,E10,,TO10,TRK9,BC1,,E4",NA
2018-00001273,2018-02-05,37.99873,-78.519968,"Fire, other","100 - Fire, other","10 - Fire, other",1 - Fire,2018-02-05T16:36:00Z,1.62,0.88,8.18,E4,2018-02-05T16:45:00Z
2018-00001298,2018-02-06,38.064191,-78.487016,"Outside rubbish fire, other","150 - Outside rubbish fire, other",15 - Outside rubbish fire,1 - Fire,2018-02-06T16:11:00Z,1.52,0.27,3.57,"BC1,E10,E4,TRK9",2018-02-06T16:15:00Z
2018-00001300,2018-02-06,38.037046,-78.491936,Passenger vehicle fire,131 - Passenger vehicle fire,13 - Mobile property (vehicle) fire,1 - Fire,2018-02-06T17:34:00Z,2.37,NA,NA,"E10,TO10,E4,,BC1,RS140,FM1,FM2",NA
2018-00001475,2018-02-11,38.029549,-78.504968,"Cooking fire, confined to container","113 - Cooking fire, confined to container",11 - Structure Fire,1 - Fire,2018-02-12T02:56:00Z,3.38,2.8,3.12,"E10,TO10",2018-02-12T03:01:00Z
2018-00001476,2018-02-11,38.08265,-78.467024,"Fire, other","100 - Fire, other","10 - Fire, other",1 - Fire,2018-02-12T03:03:00Z,1.58,1.35,7.95,E1,2018-02-12T03:13:00Z
2018-00001479,2018-02-12,38.033931,-78.510931,"Fire, other","100 - Fire, other","10 - Fire, other",1 - Fire,2018-02-12T05:58:00Z,1.27,2.42,4.05,"E4,E10,TO10,E1,RS143,BC1,TRK9",2018-02-12T06:04:00Z
2018-00001502,2018-02-12,38.019491,-78.456159,Building fire,111 - Building fire,11 - Structure Fire,1 - Fire,2018-02-13T01:41:00Z,1.85,1.6,6.2,"E4,E1,CHF1",2018-02-13T01:48:00Z
2018-00001541,2018-02-14,38.027062,-78.483015,Outside stationary compactor/compacted trash fire,155 - Outside stationary compactor/compacted trash fire,15 - Outside rubbish fire,1 - Fire,2018-02-14T07:31:00Z,0.77,2.63,2.18,"E4,TRK9,BC1,E10,RS146",2018-02-14T07:36:00Z
2018-00001599,2018-02-15,38.037217,-78.446334,Outside equipment fire,162 - Outside equipment fire,16 - Special outside fire,1 - Fire,2018-02-15T23:46:00Z,1.8,1.85,4.95,E1,2018-02-15T23:53:00Z
2018-00001636,2018-02-16,38.032924,-78.522389,Passenger vehicle fire,131 - Passenger vehicle fire,13 - Mobile property (vehicle) fire,1 - Fire,2018-02-17T01:49:00Z,0.73,1.93,4.02,"E10,E7",2018-02-17T01:55:00Z
2018-00001638,2018-02-16,38.027834,-78.480151,Outside equipment fire,162 - Outside equipment fire,16 - Special outside fire,1 - Fire,2018-02-17T02:11:00Z,3.08,2.35,2.05,"TRK9,BC1,E1,FM3",2018-02-17T02:15:00Z
2018-00001646,2018-02-17,38.023267,-78.485726,Brush or brush-and-grass mixture fire,142 - Brush or brush-and-grass mixture fire,14 - Natural vegetation fire,1 - Fire,2018-02-17T10:59:00Z,1.88,2.57,2.02,E7,2018-02-17T11:03:00Z
2018-00001727,2018-02-18,38.033086,-78.496763,Brush or brush-and-grass mixture fire,142 - Brush or brush-and-grass mixture fire,14 - Natural vegetation fire,1 - Fire,2018-02-19T04:51:00Z,0.68,1.42,3.18,E4,2018-02-19T04:56:00Z
2018-00001754,2018-02-19,38.031798,-78.505417,"Outside rubbish, trash or waste fire","151 - Outside rubbish, trash or waste fire",15 - Outside rubbish fire,1 - Fire,2018-02-20T03:25:00Z,1.47,1.55,3.52,E10,2018-02-20T03:30:00Z
2018-00001834,2018-02-22,38.035711,-78.498635,"Cooking fire, confined to container","113 - Cooking fire, confined to container",11 - Structure Fire,1 - Fire,2018-02-22T23:33:00Z,1.27,NA,NA,"TO10,BC1,E10,TRK9,E1",NA
2018-00002106,2018-03-03,38.028808,-78.49009,Building fire,111 - Building fire,11 - Structure Fire,1 - Fire,2018-03-03T10:28:00Z,0.82,1.9,3.38,"E7,BC1,TRK9,,RS142",2018-03-03T10:33:00Z
2018-00002195,2018-03-05,38.026446,-78.524679,Brush or brush-and-grass mixture fire,142 - Brush or brush-and-grass mixture fire,14 - Natural vegetation fire,1 - Fire,2018-03-05T17:06:00Z,1.85,NA,NA,NA,2018-03-05T17:06:00Z
2018-00002197,2018-03-05,38.067265,-78.485417,Grass fire,143 - Grass fire,14 - Natural vegetation fire,1 - Fire,2018-03-05T18:19:00Z,1.37,1.1,3,E1,2018-03-05T18:23:00Z
2018-00002285,2018-03-08,38.021087,-78.464262,"Cooking fire, confined to container","113 - Cooking fire, confined to container",11 - Structure Fire,1 - Fire,2018-03-08T20:26:00Z,0.92,3.57,NA,",RS140,E2,TRK9,BC1",NA
2018-00002343,2018-03-10,38.035571,-78.458552,"Trash or rubbish fire, contained","118 - Trash or rubbish fire, contained",11 - Structure Fire,1 - Fire,2018-03-10T23:24:00Z,1.98,NA,NA,"E2,E1",NA
2018-00002368,2018-03-11,38.027968,-78.48603,Brush or brush-and-grass mixture fire,142 - Brush or brush-and-grass mixture fire,14 - Natural vegetation fire,1 - Fire,2018-03-11T19:30:00Z,1.08,3.05,0.08,"E2,BC1,FM3",2018-03-11T19:33:00Z
2018-00002372,2018-03-11,38.033752,-78.491578,"Cooking fire, confined to container","113 - Cooking fire, confined to container",11 - Structure Fire,1 - Fire,2018-03-11T20:31:00Z,0.83,1.12,2.05,"E2,TRK9,BC1,E10,FM3",2018-03-11T20:34:00Z
2018-00002375,2018-03-11,38.012717,-78.516599,"Trash or rubbish fire, contained","118 - Trash or rubbish fire, contained",11 - Structure Fire,1 - Fire,2018-03-11T22:24:00Z,1.75,1.12,4.57,E4,2018-03-11T22:30:00Z
2018-00002414,2018-03-12,38.061188,-78.500505,"Cooking fire, confined to container","113 - Cooking fire, confined to container",11 - Structure Fire,1 - Fire,2018-03-12T23:46:00Z,1.87,1.37,5.23,"E1,TO10,BC1",2018-03-12T23:53:00Z
2018-00002452,2018-03-14,38.036319,-78.458114,"Trash or rubbish fire, contained","118 - Trash or rubbish fire, contained",11 - Structure Fire,1 - Fire,2018-03-14T11:41:00Z,1.82,0.3,3.28,E1,2018-03-14T11:44:00Z
2018-00002508,2018-03-16,38.02976,-78.476521,Brush or brush-and-grass mixture fire,142 - Brush or brush-and-grass mixture fire,14 - Natural vegetation fire,1 - Fire,2018-03-16T11:42:00Z,1.37,1.35,2.9,E7,2018-03-16T11:46:00Z
2018-00002531,2018-03-16,38.045098,-78.499477,"Chimney or flue fire, confined to chimney or flue","114 - Chimney or flue fire, confined to chimney or flue",11 - Structure Fire,1 - Fire,2018-03-16T23:03:00Z,0.72,1.07,4.05,"E1,TRK9,BC1,E10",2018-03-16T23:08:00Z
2018-00002533,2018-03-16,38.041326,-78.479484,"Cooking fire, confined to container","113 - Cooking fire, confined to container",11 - Structure Fire,1 - Fire,2018-03-16T23:40:00Z,0.98,0.25,2.03,"E7,BC1,E10,TO10",2018-03-16T23:43:00Z
2018-00002570,2018-03-17,38.040533,-78.501341,"Fire, other","100 - Fire, other","10 - Fire, other",1 - Fire,NA,1.92,NA,NA,",E7,BC1,TO10,TRK9,DUTY1,RS142,,E10,E1",NA
2018-00002620,2018-03-18,38.025999,-78.454102,"Cooking fire, confined to container","113 - Cooking fire, confined to container",11 - Structure Fire,1 - Fire,2018-03-18T22:08:00Z,0.57,1.03,4.82,",TRK9,E7,BC1,,E1",2018-03-18T22:14:00Z
2018-00002624,2018-03-18,38.03249,-78.504039,Dumpster or other outside trash receptacle fire,154 - Dumpster or other outside trash receptacle fire,15 - Outside rubbish fire,1 - Fire,2018-03-19T00:17:00Z,2.83,NA,NA,"UVA2,E10",NA
2018-00002658,2018-03-20,38.021509,-78.487622,Building fire,111 - Building fire,11 - Structure Fire,1 - Fire,2018-03-20T07:54:00Z,NA,27,NA,"E7,TRK9,BC1",2018-03-20T07:59:00Z
2018-00002719,2018-03-21,38.043707,-78.504945,Passenger vehicle fire,131 - Passenger vehicle fire,13 - Mobile property (vehicle) fire,1 - Fire,2018-03-22T01:14:00Z,1.37,1.6,4.23,E10,2018-03-22T01:19:00Z
2018-00002907,2018-03-27,38.023316,-78.467254,Passenger vehicle fire,131 - Passenger vehicle fire,13 - Mobile property (vehicle) fire,1 - Fire,NA,0.83,NA,3.93,",E1",2018-03-27T19:31:00Z
2018-00002988,2018-03-30,38.058245,-78.498652,"Outside rubbish, trash or waste fire","151 - Outside rubbish, trash or waste fire",15 - Outside rubbish fire,1 - Fire,2018-03-30T12:58:00Z,2.4,1.57,6.22,E1,2018-03-30T13:05:00Z
2018-00003013,2018-03-30,38.041869,-78.500049,"Fire, other","100 - Fire, other","10 - Fire, other",1 - Fire,2018-03-31T02:11:00Z,1.38,1.83,3.4,E7,2018-03-31T02:17:00Z
2018-00003022,2018-03-31,38.057912,-78.494794,"Natural vegetation fire, other","140 - Natural vegetation fire, other",14 - Natural vegetation fire,1 - Fire,2018-03-31T07:28:00Z,1.65,0.48,3.35,E1,2018-03-31T07:32:00Z
2018-00003040,2018-03-31,38.056175,-78.495722,"Special outside fire, other","160 - Special outside fire, other",16 - Special outside fire,1 - Fire,2018-03-31T16:23:00Z,1.13,0.27,3.97,E1,2018-03-31T16:27:00Z
2018-00003138,2018-04-03,38.027122,-78.471766,Dumpster or other outside trash receptacle fire,154 - Dumpster or other outside trash receptacle fire,15 - Outside rubbish fire,1 - Fire,2018-04-03T16:39:00Z,1.88,1.67,2.87,E7,2018-04-03T16:44:00Z
2018-00003163,2018-04-04,38.032913,-78.509104,Brush or brush-and-grass mixture fire,142 - Brush or brush-and-grass mixture fire,14 - Natural vegetation fire,1 - Fire,2018-04-04T20:41:00Z,1.42,NA,NA,"UVA2,TRK9,E10,E7,E1",NA
2018-00003214,2018-04-06,38.033583,-78.485374,Brush or brush-and-grass mixture fire,142 - Brush or brush-and-grass mixture fire,14 - Natural vegetation fire,1 - Fire,2018-04-06T19:10:00Z,0.82,1.1,1.2,",TO10",2018-04-06T19:12:00Z
2018-00003259,2018-04-08,38.063747,-78.509831,"Cooking fire, confined to container","113 - Cooking fire, confined to container",11 - Structure Fire,1 - Fire,2018-04-08T17:22:00Z,0.93,1.9,3.07,E1,2018-04-08T17:27:00Z
2018-00003269,2018-04-08,38.034315,-78.476792,"Cooking fire, confined to container","113 - Cooking fire, confined to container",11 - Structure Fire,1 - Fire,2018-04-09T00:09:00Z,1.83,1.12,3.13,"BC1,E7,TRK9,E1",2018-04-09T00:13:00Z
2018-00003339,2018-04-10,38.029549,-78.504968,"Cooking fire, confined to container","113 - Cooking fire, confined to container",11 - Structure Fire,1 - Fire,2018-04-11T01:29:00Z,0.53,2.72,2.97,"E10,TO10",2018-04-11T01:35:00Z
2018-00003390,2018-04-12,38.06405,-78.488415,Brush or brush-and-grass mixture fire,142 - Brush or brush-and-grass mixture fire,14 - Natural vegetation fire,1 - Fire,2018-04-12T19:10:00Z,1.18,1.47,NA,"BC1,TO10,E1",NA
2018-00003394,2018-04-12,38.028205,-78.473919,Brush or brush-and-grass mixture fire,142 - Brush or brush-and-grass mixture fire,14 - Natural vegetation fire,1 - Fire,2018-04-12T20:26:00Z,1.9,0.7,1.62,E7,2018-04-12T20:28:00Z
2018-00003395,2018-04-12,38.014717,-78.539477,Brush or brush-and-grass mixture fire,142 - Brush or brush-and-grass mixture fire,14 - Natural vegetation fire,1 - Fire,2018-04-12T20:58:00Z,0.88,0.9,4.28,E10,2018-04-12T21:03:00Z
2018-00003398,2018-04-12,38.15513,-78.498447,Building fire,111 - Building fire,11 - Structure Fire,1 - Fire,2018-04-12T22:17:00Z,0.98,1.67,14.02,E1,2018-04-12T22:32:00Z
2018-00003428,2018-04-13,38.055921,-78.496291,"Trash or rubbish fire, contained","118 - Trash or rubbish fire, contained",11 - Structure Fire,1 - Fire,2018-04-13T17:54:00Z,1.57,1.42,5.42,E1,2018-04-13T18:01:00Z
2018-00003429,2018-04-13,38.062039,-78.486731,"Trash or rubbish fire, contained","118 - Trash or rubbish fire, contained",11 - Structure Fire,1 - Fire,2018-04-13T18:34:00Z,1.97,1.67,5.78,"BC1,TO10,E1",2018-04-13T18:41:00Z
2018-00003432,2018-04-13,38.015703,-78.536682,Brush or brush-and-grass mixture fire,142 - Brush or brush-and-grass mixture fire,14 - Natural vegetation fire,1 - Fire,2018-04-13T19:43:00Z,0.88,1.43,5.78,E10,2018-04-13T19:50:00Z
2018-00003433,2018-04-13,38.034401,-78.447863,Brush or brush-and-grass mixture fire,142 - Brush or brush-and-grass mixture fire,14 - Natural vegetation fire,1 - Fire,2018-04-13T20:31:00Z,1.08,1.62,7.12,"E7,E1",2018-04-13T20:40:00Z
2018-00003436,2018-04-13,38.026076,-78.470699,Brush or brush-and-grass mixture fire,142 - Brush or brush-and-grass mixture fire,14 - Natural vegetation fire,1 - Fire,2018-04-13T20:57:00Z,3.3,1.55,NA,"E1,FM4,E10,TRK9,BC1",NA
2018-00003450,2018-04-13,38.023698,-78.491558,Brush or brush-and-grass mixture fire,142 - Brush or brush-and-grass mixture fire,14 - Natural vegetation fire,1 - Fire,2018-04-14T01:34:00Z,1.93,2.13,2.37,E7,2018-04-14T01:39:00Z
2018-00003480,2018-04-14,38.052745,-78.499226,Brush or brush-and-grass mixture fire,142 - Brush or brush-and-grass mixture fire,14 - Natural vegetation fire,1 - Fire,2018-04-14T18:00:00Z,0.65,2,3.53,E1,2018-04-14T18:05:00Z
2018-00003482,2018-04-14,NA,NA,Brush or brush-and-grass mixture fire,142 - Brush or brush-and-grass mixture fire,14 - Natural vegetation fire,1 - Fire,2018-04-14T18:50:00Z,NA,NA,NA,"TRK9,E7,BC1,E10",NA
2018-00003485,2018-04-14,NA,NA,Building fire,111 - Building fire,11 - Structure Fire,1 - Fire,2018-04-14T20:14:00Z,NA,NA,NA,"VOL,,E7,DUTY1,RS145,TRK9,E10,BC1,E1,,SQ135,TO10,RS146,CHF1,FM4,FM3,ISU1,E2",NA
2018-00003654,2018-04-19,38.021771,-78.558998,Grass fire,143 - Grass fire,14 - Natural vegetation fire,1 - Fire,2018-04-19T17:44:00Z,0.65,1.55,3.87,E3,2018-04-19T17:49:00Z
2018-00003758,2018-04-22,38.02304,-78.49835,"Fire, other","100 - Fire, other","10 - Fire, other",1 - Fire,2018-04-23T02:05:00Z,2.93,2.45,4.12,E7,2018-04-23T02:12:00Z
2018-00003838,2018-04-26,38.020785,-78.536719,Passenger vehicle fire,131 - Passenger vehicle fire,13 - Mobile property (vehicle) fire,1 - Fire,2018-04-26T17:16:00Z,2.27,2.02,4.92,E10,2018-04-26T17:23:00Z
2018-00003898,2018-04-27,38.014899,-78.500714,"Outside rubbish fire, other","150 - Outside rubbish fire, other",15 - Outside rubbish fire,1 - Fire,2018-04-28T02:17:00Z,1.85,1.75,2.48,E5,2018-04-28T02:21:00Z
2018-00003933,2018-04-28,NA,NA,Building fire,111 - Building fire,11 - Structure Fire,1 - Fire,2018-04-28T19:54:00Z,NA,NA,NA,"RS143,,E5,E1,E10,TRK9,TO10,,CHF1,FM3,BC1",NA
2018-00003953,2018-04-29,38.026851,-78.480872,Building fire,111 - Building fire,11 - Structure Fire,1 - Fire,2018-04-29T09:35:00Z,0.3,2.33,1.43,"E5,BC1,DUTY1,TRK9,,RS143,TO10,E10,E1,,CHF1,FM3",2018-04-29T09:39:00Z
2018-00003979,2018-04-29,38.035602,-78.448069,Building fire,111 - Building fire,11 - Structure Fire,1 - Fire,2018-04-29T22:14:00Z,1.58,1.62,9.45,E1,2018-04-29T22:25:00Z
2018-00004025,2018-04-30,38.057384,-78.495331,Brush or brush-and-grass mixture fire,142 - Brush or brush-and-grass mixture fire,14 - Natural vegetation fire,1 - Fire,2018-05-01T02:45:00Z,1.7,3.52,1.55,"E1,E5,BC6",2018-05-01T02:50:00Z
2018-00004114,2018-05-03,38.062521,-78.50768,"Trash or rubbish fire, contained","118 - Trash or rubbish fire, contained",11 - Structure Fire,1 - Fire,2018-05-03T16:58:00Z,3.25,1.13,1.93,E1,2018-05-03T17:01:00Z
2018-00004140,2018-05-04,38.067092,-78.47498,"Fire, other","100 - Fire, other","10 - Fire, other",1 - Fire,2018-05-04T16:09:00Z,2.15,2.1,NA,"BC6,TRK9,E1,,RS145",NA
2018-00004175,2018-05-05,38.05667,-78.489139,Passenger vehicle fire,131 - Passenger vehicle fire,13 - Mobile property (vehicle) fire,1 - Fire,2018-05-05T14:21:00Z,0.82,1.53,1.9,E1,2018-05-05T14:24:00Z
2018-00004176,2018-05-05,38.033689,-78.464878,Building fire,111 - Building fire,11 - Structure Fire,1 - Fire,2018-05-05T14:32:00Z,1.73,2.07,3.82,"E7,TO10,BC1,E10",2018-05-05T14:38:00Z
2018-00004179,2018-05-05,38.045821,-78.480512,Building fire,111 - Building fire,11 - Structure Fire,1 - Fire,2018-05-05T16:43:00Z,1.43,3.98,NA,"RS145,VOL,E1,DUTY1,TO10,FM4,,TRK9,,BC1,E7",NA
2018-00004186,2018-05-05,38.021361,-78.486791,Grass fire,143 - Grass fire,14 - Natural vegetation fire,1 - Fire,2018-05-05T18:18:00Z,7.45,NA,NA,"A01,E7",2018-05-05T18:18:00Z
2018-00004232,2018-05-06,38.023111,-78.470484,"Fire, other","100 - Fire, other","10 - Fire, other",1 - Fire,2018-05-06T23:59:00Z,0.77,1.05,3.58,"BC1,TRK9,E7",2018-05-07T00:04:00Z
2018-00004246,2018-05-07,38.033992,-78.499108,Building fire,111 - Building fire,11 - Structure Fire,1 - Fire,2018-05-07T12:07:00Z,1.45,NA,NA,"TO10,E7,E1,BC6,TRK9,E10,",NA
2018-00004259,2018-05-07,38.031028,-78.498547,Brush or brush-and-grass mixture fire,142 - Brush or brush-and-grass mixture fire,14 - Natural vegetation fire,1 - Fire,2018-05-07T20:37:00Z,1.2,1.33,3.45,E7,2018-05-07T20:41:00Z
2018-00004262,2018-05-07,38.052424,-78.503456,Brush or brush-and-grass mixture fire,142 - Brush or brush-and-grass mixture fire,14 - Natural vegetation fire,1 - Fire,2018-05-07T22:50:00Z,1.43,2.03,3.82,E1,2018-05-07T22:56:00Z
2018-00004266,2018-05-07,38.027799,-78.465868,Outside equipment fire,162 - Outside equipment fire,16 - Special outside fire,1 - Fire,2018-05-08T01:59:00Z,0.98,1.78,4.78,"E7,FM2",2018-05-08T02:05:00Z
2018-00004276,2018-05-08,38.023065,-78.518511,"Cooking fire, confined to container","113 - Cooking fire, confined to container",11 - Structure Fire,1 - Fire,2018-05-08T11:12:00Z,0.93,0.03,NA,"E1,E7,TO10,BC6",NA
2018-00004295,2018-05-08,38.032851,-78.499882,Brush or brush-and-grass mixture fire,142 - Brush or brush-and-grass mixture fire,14 - Natural vegetation fire,1 - Fire,2018-05-08T22:54:00Z,0.45,1.45,3.43,E7,2018-05-08T22:59:00Z
2018-00004320,2018-05-09,38.031028,-78.498547,Brush or brush-and-grass mixture fire,142 - Brush or brush-and-grass mixture fire,14 - Natural vegetation fire,1 - Fire,2018-05-09T16:34:00Z,1.33,3.47,0.55,E7,2018-05-09T16:38:00Z
